Workbook

Sheet Closed Claims
A1: Closed Physical-Damage Claim Extract
A2: Arizona network and non-network repair files closed during the 2026 monsoon review window
A4: Claim ID | B4: Loss date | C4: Close date | D4: County | E4: Appraiser ID | F4: Facility ID | G4: Vehicle year | H4: Make | I4: Drivable | J4: Original estimate | K4: Approved supplements | L4: Final repair paid | M4: Highest approved labor rate | N4: Repair days | O4: Estimate revisions | P4: Program segment | Q4: Claim status | R4: Payment status
A5: AZR-26-0701 | B5: 46206.304 | C5: 46237.64 | D5: Maricopa | E5: AP-118 | F5: F-101 | G5: 2021 | H5: Honda | I5: Yes | J5: 4258.17 | K5: 560.45 | L5: 4818.62 | M5: 68 | N5: ='Repair Timing'!D5 -> 8 | O5: 2 | P5: Network | Q5: Closed | R5: Paid
A6: AZR-26-0702 | B6: 46207.696 | C6: 46238.45 | D6: Maricopa | E6: AP-118 | F6: F-108 | G6: 2020 | H6: Toyota | I6: Yes | J6: 4991.34 | K6: 809.9 | L6: 5801.24 | M6: 70 | N6: ='Repair Timing'!D6 -> 12 | O6: 5 | P6: Network | Q6: Closed | R6: Paid
A7: AZR-26-0703 | B7: 46209.38 | C7: 46242.712 | D7: Maricopa | E7: AP-118 | F7: F-117 | G7: 2023 | H7: Ford | I7: Yes | J7: 4200.35 | K7: 733.35 | L7: 4933.7 | M7: 68 | N7: ='Repair Timing'!D7 -> 6 | O7: 3 | P7: Network | Q7: Closed | R7: Paid
A8: AZR-26-0704 | B8: 46208.855 | C8: 46240.522 | D8: Pima | E8: AP-118 | F8: F-203 | G8: 2022 | H8: Nissan | I8: No | J8: 6457.68 | K8: 1161.8 | L8: 7619.48 | M8: 122 | N8: ='Repair Timing'!D8 -> 17 | O8: 4 | P8: Network | Q8: Closed | R8: Paid
A9: AZR-26-0705 | B9: 46211.287 | C9: 46245.385 | D9: Yavapai | E9: AP-118 | F9: F-304 | G9: 2024 | H9: Chevrolet | I9: Yes | J9: 7190.85 | K9: 725.8 | L9: 7916.65 | M9: 80 | N9: ='Repair Timing'!D9 -> 9 | O9: 2 | P9: Network | Q9: Closed | R9: Paid
A10: AZR-26-0706 | B10: 46210.56 | C10: 46243.692 | D10: Maricopa | E10: AP-118 | F10: F-117 | G10: 2019 | H10: Honda | I10: Yes | J10: 7923.13 | K10: 1161.7 | L10: 9084.83 | M10: 76 | N10: ='Repair Timing'!D10 -> 14 | O10: 6 | P10: Network | Q10: Closed | R10: Paid
A11: AZR-26-0707 | B11: 46214.922 | C11: 46249.495 | D11: Maricopa | E11: AP-118 | F11: F-101 | G11: 2021 | H11: Jeep | I11: Yes | J11: 8656.3 | K11: 460.15 | L11: 9116.45 | M11: 68 | N11: ='Repair Timing'!D11 -> 11 | O11: 3 | P11: Network | Q11: Closed | R11: Paid
A12: AZR-26-0708 | B12: 46212.485 | C12: 46246.601 | D12: Coconino | E12: AP-118 | F12: F-402 | G12: 2020 | H12: Subaru | I12: No | J12: 9389.47 | K12: 719.6 | L12: 10109.07 | M12: 72 | N12: ='Repair Timing'!D12 -> 21 | O12: 5 | P12: Network | Q12: Closed | R12: Paid
A13: AZR-26-0709 | B13: 46215.758 | C13: 46251.363 | D13: Pima | E13: AP-204 | F13: F-211 | G13: 2022 | H13: Toyota | I13: Yes | J13: 4022.64 | K13: 784.25 | L13: 4806.89 | M13: 72 | N13: ='Repair Timing'!D13 -> 7 | O13: 4 | P13: Network | Q13: Closed | R13: Paid
A14: AZR-26-0710 | B14: 46213.366 | C14: 46248.756 | D14: Pima | E14: AP-204 | F14: F-211 | G14: 2023 | H14: Mazda | I14: Yes | J14: 4755.81 | K14: 1026.5 | L14: 5782.31 | M14: 112 | N14: ='Repair Timing'!D14 -> 16 | O14: 2 | P14: Network | Q14: Closed | R14: Paid
A15: AZR-26-0711 | B15: 46217.627 | C15: 46252.553 | D15: Pima | E15: AP-204 | F15: F-203 | G15: 2021 | H15: Ford | I15: Yes | J15: 4450.2 | K15: 1050 | L15: 5500.2 | M15: 64 | N15: ='Repair Timing'!D15 -> 10 | O15: 7 | P15: Network | Q15: Closed | R15: Paid
A16: AZR-26-0712 | B16: 46216.233 | C16: 46250.419 | D16: Coconino | E16: AP-204 | F16: F-409 | G16: 2018 | H16: Hyundai | I16: No | J16: 6221.26 | K16: 1061.4 | L16: 7282.66 | M16: 76 | N16: ='Repair Timing'!D16 -> 13 | O16: 3 | P16: Non-network | Q16: Closed | R16: Paid
... A36: AZR-26-0732 | B36: 46233.298 | C36: 46246.439 | D36: Coconino | E36: AP-427 | F36: F-402 | G36: 2022 | H36: Subaru | I36: No | J36: 8681.1 | K36: 1273.4 | L36: 9954.5 | M36: 78 | N36: ='Repair Timing'!D36 -> 10 | O36: 4 | P36: Network | Q36: Closed | R36: Paid

Sheet Repair Timing
A1: Repair Authorization and Completion
A2: Arizona local time. Calendar days = completion date minus authorization date; endpoints are not both counted.
A4: Claim ID | B4: Repair authorized at | C4: Repair completed at | D4: Repair days
A5: AZR-26-0701 | B5: 46207.486 | C5: 46215.688 | D5: =INT(C5)-INT(B5) -> 8
A6: AZR-26-0702 | B6: 46208.663 | C6: 46220.59 | D6: =INT(C6)-INT(B6) -> 12
A7: AZR-26-0703 | B7: 46210.007 | C7: 46216.49 | D7: =INT(C7)-INT(B7) -> 6
A8: AZR-26-0704 | B8: 46209.632 | C8: 46226.722 | D8: =INT(C8)-INT(B8) -> 17
A9: AZR-26-0705 | B9: 46212.639 | C9: 46221.552 | D9: =INT(C9)-INT(B9) -> 9
A10: AZR-26-0706 | B10: 46211.66 | C10: 46225.67 | D10: =INT(C10)-INT(B10) -> 14
A11: AZR-26-0707 | B11: 46215.399 | C11: 46226.444 | D11: =INT(C11)-INT(B11) -> 11
A12: AZR-26-0708 | B12: 46213.698 | C12: 46234.642 | D12: =INT(C12)-INT(B12) -> 21
A13: AZR-26-0709 | B13: 46216.524 | C13: 46223.608 | D13: =INT(C13)-INT(B13) -> 7
A14: AZR-26-0710 | B14: 46214.865 | C14: 46230.715 | D14: =INT(C14)-INT(B14) -> 16
A15: AZR-26-0711 | B15: 46217.681 | C15: 46227.514 | D15: =INT(C15)-INT(B15) -> 10
A16: AZR-26-0712 | B16: 46217.691 | C16: 46230.698 | D16: =INT(C16)-INT(B16) -> 13
... A36: AZR-26-0732 | B36: 46234.826 | C36: 46244.618 | D36: =INT(C36)-INT(B36) -> 10

Sheet Field Guide
A1: Extract Field Guide
A2: Fields retained from the closed-claim reporting export; amounts are approved repair payments, not reserves
A4: Field | B4: Definition | C4: Source system behavior | D4: Review caution
A5: Original estimate | B5: First approved repair estimate | C5: Excludes later supplements | D5: Do not compare without claim mix and supplement detail
A6: Approved supplements | B6: All approved post-original additions | C6: Includes labor and non-labor lines | D6: Support and rate validity are tested elsewhere
A7: Final repair paid | B7: Original estimate plus approved supplements | C7: Closed-paid amount | D7: Use as the denominator for leakage incidence
A8: Highest approved labor rate | B8: Highest hourly rate on any approved line | C8: May include a documented exception premium | D8: Test against territory, operation and exception code
A9: Repair days | B9: INT(completion timestamp) minus INT(authorization timestamp) | C9: Repair Timing sheet; authorization matches original estimate approval | D9: Elapsed calendar-date difference, not inclusive days or rental entitlement
A10: Estimate revisions | B10: Count of approved estimate versions | C10: System increments on each approved version | D10: A high count is not itself an exception
A11: Program segment | B11: Network or non-network at close | C11: Historical status is retained | D11: Facility roster controls certification and remote status
A12: Claim status | B12: Financial close status | C12: All rows are closed-paid | D12: Closed status does not prove supporting evidence was timely
A13: Payment status | B13: Payment disposition at reporting cutoff | C13: All rows are paid | D13: Use with claim status to define the closed-paid population
A14: Loss date / Close date | B14: Arizona local timestamps; Close date is the evidence cutoff | C14: Close timestamp is identical in Claim Timeline | D14: Use the full timestamp, not an end-of-day substitution
